,Ticker,Date,Open,HighLow,Close,Volume,Count,WAP,High,Low
0,AAPL,20220616,132.09,,130.105,-1,-1,-1.0,132.385,129.075
0,AAPL,20220617,130.065,,131.43,-1,-1,-1.0,133.075,129.815
0,AAPL,20220621,133.42,,135.865,-1,-1,-1.0,137.055,133.32
0,AAPL,20220622,134.805,,135.31,-1,-1,-1.0,137.755,133.905
0,AAPL,20220623,136.75,,138.245,-1,-1,-1.0,138.585,135.625
0,AAPL,20220624,139.875,,141.81,-1,-1,-1.0,141.875,139.765
0,AAPL,20220627,142.685,,141.715,-1,-1,-1.0,143.48,140.965
0,AAPL,20220628,142.14,,137.445,-1,-1,-1.0,143.425,137.325
0,AAPL,20220629,137.465,,139.245,-1,-1,-1.0,140.665,136.665
0,AAPL,20220630,137.235,,136.79,-1,-1,-1.0,138.365,133.775
0,AAPL,20220701,136.165,,138.935,-1,-1,-1.0,139.035,135.67
0,AAPL,20220705,137.78,,141.59,-1,-1,-1.0,141.6,136.935
0,AAPL,20220706,141.355,,142.955,-1,-1,-1.0,144.115,141.075
0,AAPL,20220707,143.245,,146.345,-1,-1,-1.0,146.555,143.245
0,AAPL,20220708,145.18,,147.035,-1,-1,-1.0,147.545,145.005
0,AAPL,20220711,145.735,,144.905,-1,-1,-1.0,146.645,143.785
0,AAPL,20220712,145.765,,145.885,-1,-1,-1.0,148.455,145.055
0,AAPL,20220713,143.005,,145.46,-1,-1,-1.0,146.455,142.13
0,AAPL,20220714,144.125,,148.475,-1,-1,-1.0,148.945,143.24
0,AAPL,20220715,149.665,,150.19,-1,-1,-1.0,150.865,148.205
0,AMZN,20220616,104.47,,103.66,-1,-1,-1.0,104.625,102.01
0,AMZN,20220617,102.8,,106.165,-1,-1,-1.0,106.98,102.675
0,AMZN,20220621,108.2,,108.675,-1,-1,-1.0,111.62,107.895
0,AMZN,20220622,107.425,,108.92,-1,-1,-1.0,112.125,107.05
0,AMZN,20220623,110.385,,112.45,-1,-1,-1.0,112.995,107.94
0,AMZN,20220624,112.305,,116.675,-1,-1,-1.0,116.685,111.425
0,AMZN,20220627,117.09,,113.235,-1,-1,-1.0,117.98,112.7
0,AMZN,20220628,113.435,,107.405,-1,-1,-1.0,114.85,107.13
0,AMZN,20220629,107.385,,108.895,-1,-1,-1.0,110.985,106.925
0,AMZN,20220630,108.145,,106.305,-1,-1,-1.0,108.145,102.525
0,AMZN,20220701,106.245,,109.555,-1,-1,-1.0,109.745,105.855
0,AMZN,20220705,107.675,,113.535,-1,-1,-1.0,114.075,106.33
0,AMZN,20220706,113.3,,114.385,-1,-1,-1.0,115.475,112.015
0,AMZN,20220707,113.84,,116.29,-1,-1,-1.0,116.985,113.49
0,AMZN,20220708,114.58,,115.535,-1,-1,-1.0,116.58,113.695
0,AMZN,20220711,114.06,,111.79,-1,-1,-1.0,114.29,110.875
0,AMZN,20220712,112.205,,109.225,-1,-1,-1.0,113.24,108.345
0,AMZN,20220713,106.97,,110.395,-1,-1,-1.0,111.785,106.015
0,AMZN,20220714,110.235,,110.615,-1,-1,-1.0,111.175,107.58
0,AMZN,20220715,112.41,,113.585,-1,-1,-1.0,115.59,111.58
0,BIL,20220616,91.425,,91.445,-1,-1,-1.0,91.445,91.425
0,BIL,20220617,91.44,,91.445,-1,-1,-1.0,91.445,91.44
0,BIL,20220621,91.435,,91.455,-1,-1,-1.0,91.455,91.435
0,BIL,20220622,91.45,,91.465,-1,-1,-1.0,91.465,91.45
0,BIL,20220623,91.465,,91.465,-1,-1,-1.0,91.465,91.465
0,BIL,20220624,91.46,,91.455,-1,-1,-1.0,91.465,91.455
0,BIL,20220627,91.455,,91.455,-1,-1,-1.0,91.455,91.455
0,BIL,20220628,91.465,,91.465,-1,-1,-1.0,91.465,91.465
0,BIL,20220629,91.465,,91.475,-1,-1,-1.0,91.475,91.465
0,BIL,20220630,91.475,,91.485,-1,-1,-1.0,91.485,91.475
0,BIL,20220701,91.435,,91.425,-1,-1,-1.0,91.435,91.415
0,BIL,20220705,91.425,,91.425,-1,-1,-1.0,91.425,91.425
0,BIL,20220706,91.425,,91.425,-1,-1,-1.0,91.425,91.425
0,BIL,20220707,91.43,,91.425,-1,-1,-1.0,91.435,91.425
0,BIL,20220708,91.425,,91.425,-1,-1,-1.0,91.425,91.425
0,BIL,20220711,91.425,,91.425,-1,-1,-1.0,91.425,91.425
0,BIL,20220712,91.425,,91.425,-1,-1,-1.0,91.425,91.425
0,BIL,20220713,91.425,,91.415,-1,-1,-1.0,91.425,91.405
0,BIL,20220714,91.415,,91.425,-1,-1,-1.0,91.425,91.415
0,BIL,20220715,91.425,,91.425,-1,-1,-1.0,91.425,91.425
0,BITO,20220616,13.155,,12.915,-1,-1,-1.0,13.295,12.835
0,BITO,20220617,12.765,,12.715,-1,-1,-1.0,12.955,12.605
0,BITO,20220621,13.11,,12.945,-1,-1,-1.0,13.475,12.935
0,BITO,20220622,12.725,,12.45,-1,-1,-1.0,12.945,12.265
0,BITO,20220623,12.725,,12.965,-1,-1,-1.0,12.965,12.455
0,BITO,20220624,13.15,,13.17,-1,-1,-1.0,13.255,12.875
0,BITO,20220627,13.135,,12.865,-1,-1,-1.0,13.145,12.635
0,BITO,20220628,12.985,,12.475,-1,-1,-1.0,13.065,12.455
0,BITO,20220629,12.435,,12.49,-1,-1,-1.0,12.525,12.265
0,BITO,20220630,11.865,,11.615,-1,-1,-1.0,11.885,11.555
0,BITO,20220701,11.895,,11.955,-1,-1,-1.0,12.145,11.855
0,BITO,20220705,11.95,,12.615,-1,-1,-1.0,12.665,11.905
0,BITO,20220706,12.475,,12.545,-1,-1,-1.0,12.655,12.385
0,BITO,20220707,12.6,,13.515,-1,-1,-1.0,13.535,12.585
0,BITO,20220708,13.225,,13.465,-1,-1,-1.0,13.685,13.095
0,BITO,20220711,12.69,,12.655,-1,-1,-1.0,12.805,12.495
0,BITO,20220712,12.275,,11.94,-1,-1,-1.0,12.365,11.885
0,BITO,20220713,11.74,,12.125,-1,-1,-1.0,12.355,11.675
0,BITO,20220714,12.155,,12.745,-1,-1,-1.0,12.905,12.115
0,BITO,20220715,12.95,,13.095,-1,-1,-1.0,13.095,12.765
0,DIA,20220616,301.405,,300.04,-1,-1,-1.0,301.66,298.01
0,DIA,20220617,298.31,,298.705,-1,-1,-1.0,301.585,296.4
0,DIA,20220621,303.055,,305.315,-1,-1,-1.0,306.465,302.6
0,DIA,20220622,301.535,,304.56,-1,-1,-1.0,307.695,301.315
0,DIA,20220623,305.655,,306.735,-1,-1,-1.0,307.08,302.77
0,DIA,20220624,309.31,,315.09,-1,-1,-1.0,315.1,309.075
0,DIA,20220627,315.475,,314.395,-1,-1,-1.0,315.885,313.38
0,DIA,20220628,316.02,,309.395,-1,-1,-1.0,318.74,309.235
0,DIA,20220629,310.345,,310.06,-1,-1,-1.0,311.5,308.805
0,DIA,20220630,306.745,,307.925,-1,-1,-1.0,309.82,304.24
0,DIA,20220701,307.325,,310.885,-1,-1,-1.0,311.33,304.745
0,DIA,20220705,306.56,,309.74,-1,-1,-1.0,309.745,303.57
0,DIA,20220706,309.98,,310.415,-1,-1,-1.0,312.275,307.915
0,DIA,20220707,312.555,,313.88,-1,-1,-1.0,314.295,311.545
0,DIA,20220708,313.435,,313.445,-1,-1,-1.0,315.15,312.155
0,DIA,20220711,311.62,,311.765,-1,-1,-1.0,313.725,311.18
0,DIA,20220712,310.55,,310.01,-1,-1,-1.0,313.54,308.615
0,DIA,20220713,306.175,,307.725,-1,-1,-1.0,309.925,305.105
0,DIA,20220714,302.64,,306.385,-1,-1,-1.0,306.845,301.46
0,DIA,20220715,310.775,,312.685,-1,-1,-1.0,312.785,309.13
0,EEM,20220616,39.555,,39.535,-1,-1,-1.0,39.725,39.255
0,EEM,20220617,39.955,,39.695,-1,-1,-1.0,40.045,39.425
0,EEM,20220621,40.235,,40.335,-1,-1,-1.0,40.475,40.185
0,EEM,20220622,39.485,,39.575,-1,-1,-1.0,39.855,39.415
0,EEM,20220623,39.705,,39.735,-1,-1,-1.0,39.915,39.355
0,EEM,20220624,40.165,,40.675,-1,-1,-1.0,40.675,40.095
0,EEM,20220627,40.905,,40.695,-1,-1,-1.0,40.945,40.635
0,EEM,20220628,41.02,,40.465,-1,-1,-1.0,41.185,40.415
0,EEM,20220629,40.355,,40.305,-1,-1,-1.0,40.455,40.155
0,EEM,20220630,39.745,,40.125,-1,-1,-1.0,40.185,39.505
0,EEM,20220701,39.615,,39.855,-1,-1,-1.0,39.855,39.375
0,EEM,20220705,39.025,,39.535,-1,-1,-1.0,39.535,38.865
0,EEM,20220706,39.255,,39.285,-1,-1,-1.0,39.405,38.965
0,EEM,20220707,39.835,,40.115,-1,-1,-1.0,40.265,39.835
0,EEM,20220708,39.955,,40.075,-1,-1,-1.0,40.255,39.815
0,EEM,20220711,39.175,,39.005,-1,-1,-1.0,39.225,38.865
0,EEM,20220712,38.855,,38.855,-1,-1,-1.0,39.065,38.685
0,EEM,20220713,38.305,,38.775,-1,-1,-1.0,38.985,38.305
0,EEM,20220714,38.37,,38.455,-1,-1,-1.0,38.495,38.055
0,EEM,20220715,38.445,,38.665,-1,-1,-1.0,38.665,38.125
0,EFA,20220616,61.59,,61.755,-1,-1,-1.0,62.175,61.345
0,EFA,20220617,61.675,,61.475,-1,-1,-1.0,61.995,61.125
0,EFA,20220621,62.585,,62.415,-1,-1,-1.0,62.765,62.385
0,EFA,20220622,61.7,,61.995,-1,-1,-1.0,62.565,61.625
0,EFA,20220623,61.83,,61.915,-1,-1,-1.0,62.005,61.275
0,EFA,20220624,62.79,,63.775,-1,-1,-1.0,63.785,62.735
0,EFA,20220627,63.65,,63.515,-1,-1,-1.0,63.935,63.425
0,EFA,20220628,64.025,,63.075,-1,-1,-1.0,64.225,63.055
0,EFA,20220629,63.11,,62.825,-1,-1,-1.0,63.285,62.785
0,EFA,20220630,61.705,,62.545,-1,-1,-1.0,62.585,61.465
0,EFA,20220701,61.71,,62.645,-1,-1,-1.0,62.645,61.495
0,EFA,20220705,60.65,,61.315,-1,-1,-1.0,61.315,60.405
0,EFA,20220706,61.19,,61.365,-1,-1,-1.0,61.485,60.855
0,EFA,20220707,61.865,,62.275,-1,-1,-1.0,62.285,61.865
0,EFA,20220708,62.115,,62.365,-1,-1,-1.0,62.555,61.855
0,EFA,20220711,61.575,,61.345,-1,-1,-1.0,61.745,61.295
0,EFA,20220712,61.245,,61.335,-1,-1,-1.0,61.835,61.195
0,EFA,20220713,60.57,,61.295,-1,-1,-1.0,61.555,60.505
0,EFA,20220714,59.985,,60.435,-1,-1,-1.0,60.485,59.545
0,EFA,20220715,60.885,,61.415,-1,-1,-1.0,61.435,60.615
0,EMB,20220616,85.27,,85.475,-1,-1,-1.0,85.77,84.745
0,EMB,20220617,85.825,,85.915,-1,-1,-1.0,86.215,85.24
0,EMB,20220621,85.755,,85.75,-1,-1,-1.0,86.29,85.555
0,EMB,20220622,85.835,,85.845,-1,-1,-1.0,86.205,85.765
0,EMB,20220623,86.265,,86.37,-1,-1,-1.0,86.475,86.055
0,EMB,20220624,86.315,,86.495,-1,-1,-1.0,86.945,86.305
0,EMB,20220627,86.255,,85.325,-1,-1,-1.0,86.3,85.285
0,EMB,20220628,85.23,,84.775,-1,-1,-1.0,85.335,84.455
0,EMB,20220629,84.52,,84.965,-1,-1,-1.0,85.025,84.065
0,EMB,20220630,84.77,,85.29,-1,-1,-1.0,85.475,84.27
0,EMB,20220701,85.735,,86.145,-1,-1,-1.0,86.35,85.675
0,EMB,20220705,85.215,,85.45,-1,-1,-1.0,85.505,84.995
0,EMB,20220706,85.155,,84.755,-1,-1,-1.0,85.335,84.685
0,EMB,20220707,84.97,,84.985,-1,-1,-1.0,85.285,84.905
0,EMB,20220708,84.755,,84.605,-1,-1,-1.0,84.83,84.225
0,EMB,20220711,84.43,,83.885,-1,-1,-1.0,84.575,83.53
0,EMB,20220712,83.495,,83.635,-1,-1,-1.0,83.775,83.375
0,EMB,20220713,82.315,,83.3,-1,-1,-1.0,83.415,82.3
0,EMB,20220714,82.345,,81.875,-1,-1,-1.0,82.535,81.875
0,EMB,20220715,82.645,,82.695,-1,-1,-1.0,82.955,82.365
0,EUFN,20220616,15.705,,15.775,-1,-1,-1.0,15.875,15.625
0,EUFN,20220617,15.86,,15.745,-1,-1,-1.0,15.945,15.645
0,EUFN,20220621,16.245,,16.155,-1,-1,-1.0,16.27,16.135
0,EUFN,20220622,15.995,,16.065,-1,-1,-1.0,16.245,15.95
0,EUFN,20220623,15.795,,15.745,-1,-1,-1.0,15.815,15.535
0,EUFN,20220624,15.965,,16.205,-1,-1,-1.0,16.205,15.945
0,EUFN,20220627,16.19,,16.145,-1,-1,-1.0,16.255,16.075
0,EUFN,20220628,16.245,,16.035,-1,-1,-1.0,16.355,16.035
0,EUFN,20220629,15.99,,15.915,-1,-1,-1.0,16.215,15.905
0,EUFN,20220630,15.525,,15.76,-1,-1,-1.0,15.785,15.415
0,EUFN,20220701,15.535,,15.765,-1,-1,-1.0,15.765,15.415
0,EUFN,20220705,15.005,,15.125,-1,-1,-1.0,15.125,14.835
0,EUFN,20220706,14.93,,14.995,-1,-1,-1.0,15.025,14.855
0,EUFN,20220707,15.21,,15.315,-1,-1,-1.0,15.335,15.21
0,EUFN,20220708,15.36,,15.385,-1,-1,-1.0,15.435,15.245
0,EUFN,20220711,15.165,,15.065,-1,-1,-1.0,15.175,15.055
0,EUFN,20220712,14.9,,15.065,-1,-1,-1.0,15.225,14.9
0,EUFN,20220713,14.915,,14.995,-1,-1,-1.0,15.065,14.795
0,EUFN,20220714,14.515,,14.525,-1,-1,-1.0,14.575,14.365
0,EUFN,20220715,14.555,,14.735,-1,-1,-1.0,14.745,14.475
0,FXF,20220616,92.09,,92.75,-1,-1,-1.0,93.04,91.985
0,FXF,20220617,92.87,,92.3,-1,-1,-1.0,92.96,92.04
0,FXF,20220621,92.59,,92.645,-1,-1,-1.0,92.97,92.57
0,FXF,20220622,93.02,,93.125,-1,-1,-1.0,93.48,92.93
0,FXF,20220623,93.205,,93.26,-1,-1,-1.0,93.615,93.1
0,FXF,20220624,93.805,,93.475,-1,-1,-1.0,94.05,93.26
0,FXF,20220627,93.4,,93.63,-1,-1,-1.0,93.82,93.37
0,FXF,20220628,93.575,,93.555,-1,-1,-1.0,93.71,93.335
0,FXF,20220629,93.95,,93.745,-1,-1,-1.0,94.06,93.72
0,FXF,20220630,93.675,,93.795,-1,-1,-1.0,93.92,93.315
0,FXF,20220701,93.005,,93.29,-1,-1,-1.0,93.33,92.85
0,FXF,20220705,92.52,,92.485,-1,-1,-1.0,92.645,92.275
0,FXF,20220706,92.26,,92.27,-1,-1,-1.0,92.455,91.91
0,FXF,20220707,92.03,,91.92,-1,-1,-1.0,92.12,91.825
0,FXF,20220708,91.65,,91.69,-1,-1,-1.0,91.805,91.415
0,FXF,20220711,91.06,,91.195,-1,-1,-1.0,91.485,90.97
0,FXF,20220712,91.14,,91.175,-1,-1,-1.0,91.335,91.005
0,FXF,20220713,91.285,,91.47,-1,-1,-1.0,91.725,91.105
0,FXF,20220714,90.7,,91.02,-1,-1,-1.0,91.165,90.58
0,FXF,20220715,91.265,,91.625,-1,-1,-1.0,91.67,91.17
0,FXY,20220616,70.535,,70.915,-1,-1,-1.0,71.205,70.455
0,FXY,20220617,69.5,,69.335,-1,-1,-1.0,69.51,69.12
0,FXY,20220621,68.725,,68.49,-1,-1,-1.0,68.79,68.49
0,FXY,20220622,68.82,,68.725,-1,-1,-1.0,68.96,68.655
0,FXY,20220623,69.43,,69.385,-1,-1,-1.0,69.695,69.325
0,FXY,20220624,69.29,,69.22,-1,-1,-1.0,69.585,69.125
0,FXY,20220627,69.16,,69.105,-1,-1,-1.0,69.32,69.085
0,FXY,20220628,68.73,,68.725,-1,-1,-1.0,68.785,68.62
0,FXY,20220629,68.38,,68.52,-1,-1,-1.0,68.625,68.295
0,FXY,20220630,68.84,,68.955,-1,-1,-1.0,69.035,68.74
0,FXY,20220701,69.05,,69.185,-1,-1,-1.0,69.41,69.045
0,FXY,20220705,68.875,,68.93,-1,-1,-1.0,69.04,68.745
0,FXY,20220706,69.245,,68.885,-1,-1,-1.0,69.295,68.8
0,FXY,20220707,68.92,,68.805,-1,-1,-1.0,68.97,68.755
0,FXY,20220708,68.59,,68.77,-1,-1,-1.0,68.885,68.59
0,FXY,20220711,67.995,,68.11,-1,-1,-1.0,68.175,67.96
0,FXY,20220712,68.45,,68.385,-1,-1,-1.0,68.56,68.365
0,FXY,20220713,68.015,,68.155,-1,-1,-1.0,68.245,67.865
0,FXY,20220714,67.205,,67.365,-1,-1,-1.0,67.45,67.13
0,FXY,20220715,67.415,,67.555,-1,-1,-1.0,67.615,67.26
0,GLD,20220616,170.545,,172.725,-1,-1,-1.0,172.765,170.175
0,GLD,20220617,172.14,,171.265,-1,-1,-1.0,172.305,170.97
0,GLD,20220621,171.095,,170.67,-1,-1,-1.0,171.905,170.475
0,GLD,20220622,171.625,,171.33,-1,-1,-1.0,172.295,171.095
0,GLD,20220623,171.395,,170.26,-1,-1,-1.0,172.135,169.905
0,GLD,20220624,170.25,,170.045,-1,-1,-1.0,170.745,169.84
0,GLD,20220627,170.595,,169.895,-1,-1,-1.0,170.675,169.74
0,GLD,20220628,170.065,,169.635,-1,-1,-1.0,170.205,169.505
0,GLD,20220629,170.595,,169.505,-1,-1,-1.0,170.715,169.165
0,GLD,20220630,169.515,,168.425,-1,-1,-1.0,169.97,168.235
0,GLD,20220701,167.125,,168.275,-1,-1,-1.0,168.685,166.955
0,GLD,20220705,167.2,,164.715,-1,-1,-1.0,167.335,164.415
0,GLD,20220706,164.34,,162.125,-1,-1,-1.0,164.565,161.465
0,GLD,20220707,162.45,,162.255,-1,-1,-1.0,163.045,162.065
0,GLD,20220708,162.34,,162.315,-1,-1,-1.0,163.38,161.84
0,GLD,20220711,161.95,,161.455,-1,-1,-1.0,162.46,161.375
0,GLD,20220712,161.21,,160.845,-1,-1,-1.0,161.625,160.725
0,GLD,20220713,160.12,,161.56,-1,-1,-1.0,162.71,160.065
0,GLD,20220714,159.005,,159.275,-1,-1,-1.0,159.815,158.225
0,GLD,20220715,159.045,,158.975,-1,-1,-1.0,159.26,158.345
0,GOOGL,20220616,2145.64,,2121.535,-1,-1,-1.0,2172.055,2103.685
0,GOOGL,20220617,2122.5,,2141.77,-1,-1,-1.0,2174.135,2101.455
0,GOOGL,20220621,2180.685,,2231.32,-1,-1,-1.0,2249.425,2171.44
0,GOOGL,20220622,2211.445,,2229.115,-1,-1,-1.0,2267.05,2205.875
0,GOOGL,20220623,2246.55,,2245.005,-1,-1,-1.0,2254.2,2210.66
0,GOOGL,20220624,2261.525,,2360.48,-1,-1,-1.0,2361.35,2256.83
0,GOOGL,20220627,2369.065,,2317.025,-1,-1,-1.0,2371.87,2303.535
0,GOOGL,20220628,2316.445,,2240.155,-1,-1,-1.0,2346.605,2237.035
0,GOOGL,20220629,2234.945,,2233.47,-1,-1,-1.0,2262.735,2217.675
0,GOOGL,20220630,2198.0,,2180.49,-1,-1,-1.0,2217.915,2135.105
0,GOOGL,20220701,2159.67,,2174.465,-1,-1,-1.0,2184.82,2134.71
0,GOOGL,20220705,2144.795,,2266.04,-1,-1,-1.0,2267.105,2113.42
0,GOOGL,20220706,2265.875,,2291.435,-1,-1,-1.0,2311.74,2229.555
0,GOOGL,20220707,2303.375,,2375.41,-1,-1,-1.0,2383.795,2295.945
0,GOOGL,20220708,2339.53,,2387.415,-1,-1,-1.0,2394.17,2338.415
0,GOOGL,20220711,2358.955,,2314.055,-1,-1,-1.0,2360.985,2306.855
0,GOOGL,20220712,2322.655,,2281.395,-1,-1,-1.0,2339.035,2273.79
0,GOOGL,20220713,2232.185,,2226.495,-1,-1,-1.0,2283.555,2223.435
0,GOOGL,20220714,2207.005,,2207.945,-1,-1,-1.0,2222.075,2167.525
0,GOOGL,20220715,2237.835,,2235.775,-1,-1,-1.0,2262.515,2218.97
0,HYG,20220616,73.905,,73.82,-1,-1,-1.0,74.145,73.225
0,HYG,20220617,73.995,,74.115,-1,-1,-1.0,74.575,73.805
0,HYG,20220621,74.495,,74.035,-1,-1,-1.0,74.665,73.935
0,HYG,20220622,73.92,,73.945,-1,-1,-1.0,74.245,73.81
0,HYG,20220623,74.17,,74.535,-1,-1,-1.0,74.565,74.075
0,HYG,20220624,74.695,,75.035,-1,-1,-1.0,75.355,74.595
0,HYG,20220627,75.055,,74.615,-1,-1,-1.0,75.095,74.615
0,HYG,20220628,74.645,,73.775,-1,-1,-1.0,74.755,73.755
0,HYG,20220629,73.725,,73.645,-1,-1,-1.0,73.785,73.435
0,HYG,20220630,73.365,,73.605,-1,-1,-1.0,73.825,73.055
0,HYG,20220701,73.46,,73.975,-1,-1,-1.0,74.235,73.45
0,HYG,20220705,73.53,,73.925,-1,-1,-1.0,73.975,73.035
0,HYG,20220706,73.8,,73.645,-1,-1,-1.0,73.995,73.515
0,HYG,20220707,74.085,,74.835,-1,-1,-1.0,74.875,74.025
0,HYG,20220708,74.565,,74.91,-1,-1,-1.0,74.955,74.365
0,HYG,20220711,74.805,,74.52,-1,-1,-1.0,74.925,74.455
0,HYG,20220712,74.58,,74.775,-1,-1,-1.0,74.895,74.495
0,HYG,20220713,74.015,,74.705,-1,-1,-1.0,74.915,73.925
0,HYG,20220714,74.055,,74.515,-1,-1,-1.0,74.625,73.615
0,HYG,20220715,74.825,,75.465,-1,-1,-1.0,75.495,74.755
0,IEI,20220616,116.655,,117.705,-1,-1,-1.0,117.725,116.575
0,IEI,20220617,117.68,,117.6,-1,-1,-1.0,117.765,117.14
0,IEI,20220621,117.35,,117.36,-1,-1,-1.0,117.505,117.275
0,IEI,20220622,118.185,,118.245,-1,-1,-1.0,118.345,118.065
0,IEI,20220623,118.85,,118.7,-1,-1,-1.0,119.255,118.645
0,IEI,20220624,118.605,,118.515,-1,-1,-1.0,118.965,118.505
0,IEI,20220627,118.15,,118.14,-1,-1,-1.0,118.455,117.965
0,IEI,20220628,118.06,,118.2,-1,-1,-1.0,118.225,117.955
0,IEI,20220629,118.245,,118.705,-1,-1,-1.0,118.705,118.185
0,IEI,20220630,119.19,,119.325,-1,-1,-1.0,119.515,119.115
0,IEI,20220701,120.015,,120.17,-1,-1,-1.0,120.61,119.935
0,IEI,20220705,120.445,,120.335,-1,-1,-1.0,120.625,120.265
0,IEI,20220706,120.55,,119.6,-1,-1,-1.0,120.57,119.575
0,IEI,20220707,119.56,,119.19,-1,-1,-1.0,119.565,119.085
0,IEI,20220708,118.955,,118.79,-1,-1,-1.0,118.985,118.685
0,IEI,20220711,119.13,,119.235,-1,-1,-1.0,119.395,119.085
0,IEI,20220712,119.56,,119.405,-1,-1,-1.0,119.695,119.325
0,IEI,20220713,118.835,,119.42,-1,-1,-1.0,119.655,118.755
0,IEI,20220714,118.83,,119.06,-1,-1,-1.0,119.235,118.655
0,IEI,20220715,119.075,,119.27,-1,-1,-1.0,119.43,119.065
0,IGSB,20220616,50.045,,50.235,-1,-1,-1.0,50.235,50.015
0,IGSB,20220617,50.245,,50.245,-1,-1,-1.0,50.285,50.155
0,IGSB,20220621,50.22,,50.205,-1,-1,-1.0,50.275,50.195
0,IGSB,20220622,50.35,,50.265,-1,-1,-1.0,50.385,50.265
0,IGSB,20220623,50.4,,50.415,-1,-1,-1.0,50.545,50.385
0,IGSB,20220624,50.39,,50.45,-1,-1,-1.0,50.525,50.385
0,IGSB,20220627,50.37,,50.345,-1,-1,-1.0,50.425,50.325
0,IGSB,20220628,50.34,,50.315,-1,-1,-1.0,50.36,50.255
0,IGSB,20220629,50.32,,50.445,-1,-1,-1.0,50.455,50.295
0,IGSB,20220630,50.49,,50.545,-1,-1,-1.0,50.605,50.49
0,IGSB,20220701,50.65,,50.725,-1,-1,-1.0,50.785,50.625
0,IGSB,20220705,50.745,,50.755,-1,-1,-1.0,50.785,50.705
0,IGSB,20220706,50.8,,50.595,-1,-1,-1.0,50.805,50.595
0,IGSB,20220707,50.61,,50.615,-1,-1,-1.0,50.625,50.515
0,IGSB,20220708,50.525,,50.545,-1,-1,-1.0,50.585,50.505
0,IGSB,20220711,50.6,,50.515,-1,-1,-1.0,50.625,50.505
0,IGSB,20220712,50.58,,50.525,-1,-1,-1.0,50.615,50.525
0,IGSB,20220713,50.32,,50.515,-1,-1,-1.0,50.555,50.315
0,IGSB,20220714,50.33,,50.465,-1,-1,-1.0,50.495,50.285
0,IGSB,20220715,50.47,,50.535,-1,-1,-1.0,50.595,50.455
0,IJH,20220616,225.2,,219.33,-1,-1,-1.0,225.57,217.96
0,IJH,20220617,219.92,,221.19,-1,-1,-1.0,223.355,218.69
0,IJH,20220621,224.68,,224.155,-1,-1,-1.0,226.17,222.76
0,IJH,20220622,221.27,,223.33,-1,-1,-1.0,224.935,220.585
0,IJH,20220623,224.105,,224.7,-1,-1,-1.0,225.15,221.43
0,IJH,20220624,226.625,,232.725,-1,-1,-1.0,232.74,226.36
0,IJH,20220627,233.39,,233.52,-1,-1,-1.0,235.03,231.375
0,IJH,20220628,234.965,,230.125,-1,-1,-1.0,236.805,230.125
0,IJH,20220629,230.375,,228.355,-1,-1,-1.0,230.555,226.58
0,IJH,20220630,225.05,,226.285,-1,-1,-1.0,228.91,223.15
0,IJH,20220701,225.625,,229.06,-1,-1,-1.0,229.445,223.985
0,IJH,20220705,225.38,,228.765,-1,-1,-1.0,228.81,222.095
0,IJH,20220706,228.63,,227.4,-1,-1,-1.0,229.955,224.79
0,IJH,20220707,229.075,,232.195,-1,-1,-1.0,232.725,229.03
0,IJH,20220708,231.795,,231.515,-1,-1,-1.0,233.31,229.585
0,IJH,20220711,229.975,,228.785,-1,-1,-1.0,231.005,228.425
0,IJH,20220712,228.05,,228.36,-1,-1,-1.0,231.235,227.245
0,IJH,20220713,225.595,,227.76,-1,-1,-1.0,228.98,224.47
0,IJH,20220714,224.245,,225.505,-1,-1,-1.0,225.9,222.32
0,IJH,20220715,228.115,,229.875,-1,-1,-1.0,229.97,225.655
0,IWM,20220616,167.9,,163.905,-1,-1,-1.0,168.405,162.775
0,IWM,20220617,164.405,,165.185,-1,-1,-1.0,167.53,163.69
0,IWM,20220621,167.99,,168.145,-1,-1,-1.0,170.085,166.805
0,IWM,20220622,165.975,,167.815,-1,-1,-1.0,169.255,165.375
0,IWM,20220623,168.215,,169.855,-1,-1,-1.0,170.225,166.545
0,IWM,20220624,171.24,,175.065,-1,-1,-1.0,175.095,170.9
0,IWM,20220627,175.655,,175.8,-1,-1,-1.0,176.995,174.185
0,IWM,20220628,176.955,,172.525,-1,-1,-1.0,178.16,172.355
0,IWM,20220629,172.555,,170.685,-1,-1,-1.0,172.71,168.965
0,IWM,20220630,168.175,,169.545,-1,-1,-1.0,171.315,166.755
0,IWM,20220701,169.065,,171.485,-1,-1,-1.0,171.86,167.655
0,IWM,20220705,168.605,,172.84,-1,-1,-1.0,172.845,166.73
0,IWM,20220706,172.465,,171.555,-1,-1,-1.0,173.73,169.745
0,IWM,20220707,172.865,,175.645,-1,-1,-1.0,175.975,172.845
0,IWM,20220708,175.08,,175.585,-1,-1,-1.0,176.995,173.64
0,IWM,20220711,174.225,,172.015,-1,-1,-1.0,174.975,171.605
0,IWM,20220712,171.55,,171.495,-1,-1,-1.0,173.355,170.545
0,IWM,20220713,169.13,,171.325,-1,-1,-1.0,172.275,168.78
0,IWM,20220714,168.685,,169.635,-1,-1,-1.0,170.0,167.015
0,IWM,20220715,171.52,,173.09,-1,-1,-1.0,173.345,169.305
0,JNK,20220616,91.375,,91.135,-1,-1,-1.0,91.575,90.435
0,JNK,20220617,91.43,,91.635,-1,-1,-1.0,92.075,91.125
0,JNK,20220621,92.145,,91.39,-1,-1,-1.0,92.295,91.275
0,JNK,20220622,91.29,,91.36,-1,-1,-1.0,91.675,91.095
0,JNK,20220623,91.6,,92.045,-1,-1,-1.0,92.075,91.48
0,JNK,20220624,92.22,,92.675,-1,-1,-1.0,93.045,92.075
0,JNK,20220627,92.66,,92.195,-1,-1,-1.0,92.755,92.195
0,JNK,20220628,92.225,,90.995,-1,-1,-1.0,92.35,90.955
0,JNK,20220629,90.9,,90.805,-1,-1,-1.0,90.965,90.545
0,JNK,20220630,90.525,,90.76,-1,-1,-1.0,90.965,90.095
0,JNK,20220701,90.495,,91.015,-1,-1,-1.0,91.405,90.445
0,JNK,20220705,90.56,,90.955,-1,-1,-1.0,91.015,89.885
0,JNK,20220706,90.825,,90.635,-1,-1,-1.0,91.03,90.445
0,JNK,20220707,91.2,,92.075,-1,-1,-1.0,92.145,91.11
0,JNK,20220708,91.785,,92.255,-1,-1,-1.0,92.325,91.505
0,JNK,20220711,92.025,,91.77,-1,-1,-1.0,92.245,91.715
0,JNK,20220712,91.78,,92.09,-1,-1,-1.0,92.215,91.745
0,JNK,20220713,91.12,,91.915,-1,-1,-1.0,92.235,91.015
0,JNK,20220714,91.235,,91.64,-1,-1,-1.0,91.795,90.605
0,JNK,20220715,92.015,,92.905,-1,-1,-1.0,92.945,91.995
0,LQD,20220616,107.585,,109.225,-1,-1,-1.0,109.325,107.295
0,LQD,20220617,109.515,,109.445,-1,-1,-1.0,109.715,108.76
0,LQD,20220621,108.935,,108.345,-1,-1,-1.0,109.425,108.215
0,LQD,20220622,109.435,,109.075,-1,-1,-1.0,109.675,109.065
0,LQD,20220623,109.67,,109.99,-1,-1,-1.0,110.815,109.605
0,LQD,20220624,109.87,,110.085,-1,-1,-1.0,110.665,109.85
0,LQD,20220627,109.44,,109.065,-1,-1,-1.0,109.715,109.025
0,LQD,20220628,108.915,,109.065,-1,-1,-1.0,109.105,108.515
0,LQD,20220629,109.165,,109.675,-1,-1,-1.0,109.715,109.0
0,LQD,20220630,109.795,,110.055,-1,-1,-1.0,110.465,109.78
0,LQD,20220701,110.655,,111.11,-1,-1,-1.0,111.46,110.465
0,LQD,20220705,111.18,,111.075,-1,-1,-1.0,111.305,110.835
0,LQD,20220706,111.42,,110.545,-1,-1,-1.0,111.575,110.425
0,LQD,20220707,110.925,,110.52,-1,-1,-1.0,111.135,110.325
0,LQD,20220708,110.17,,110.325,-1,-1,-1.0,110.415,109.945
0,LQD,20220711,110.805,,110.67,-1,-1,-1.0,111.165,110.505
0,LQD,20220712,111.13,,110.795,-1,-1,-1.0,111.575,110.785
0,LQD,20220713,109.745,,111.685,-1,-1,-1.0,111.785,109.7
0,LQD,20220714,110.435,,110.935,-1,-1,-1.0,111.205,110.09
0,LQD,20220715,111.135,,111.805,-1,-1,-1.0,112.055,111.1
0,META,20220616,163.76,,160.985,-1,-1,-1.0,165.04,159.61
0,META,20220617,161.68,,163.715,-1,-1,-1.0,165.89,159.91
0,META,20220621,166.24,,157.045,-1,-1,-1.0,167.73,155.99
0,META,20220622,158.39,,155.74,-1,-1,-1.0,160.78,155.48
0,META,20220623,156.105,,158.73,-1,-1,-1.0,159.745,154.265
0,META,20220624,161.745,,170.165,-1,-1,-1.0,170.245,161.325
0,META,20220627,171.26,,169.505,-1,-1,-1.0,171.74,168.015
0,META,20220628,170.025,,160.675,-1,-1,-1.0,171.285,160.625
0,META,20220629,163.505,,163.925,-1,-1,-1.0,166.305,160.33
0,META,20220630,162.145,,161.265,-1,-1,-1.0,165.215,158.49
0,META,20220701,160.39,,160.045,-1,-1,-1.0,160.625,155.005
0,META,20220705,158.025,,168.22,-1,-1,-1.0,168.255,157.04
0,META,20220706,168.185,,169.78,-1,-1,-1.0,171.58,165.455
0,META,20220707,169.445,,172.17,-1,-1,-1.0,172.715,167.79
0,META,20220708,169.915,,170.875,-1,-1,-1.0,172.395,168.16
0,META,20220711,166.975,,162.895,-1,-1,-1.0,167.455,161.905
0,META,20220712,164.745,,163.275,-1,-1,-1.0,165.89,162.095
0,META,20220713,160.155,,163.425,-1,-1,-1.0,164.97,159.62
0,META,20220714,161.315,,158.055,-1,-1,-1.0,162.495,157.29
0,META,20220715,160.565,,164.675,-1,-1,-1.0,164.975,159.8
0,MSFT,20220616,246.2,,245.115,-1,-1,-1.0,247.415,243.025
0,MSFT,20220617,244.64,,247.535,-1,-1,-1.0,250.49,244.015
0,MSFT,20220621,250.25,,253.685,-1,-1,-1.0,254.74,249.53
0,MSFT,20220622,251.635,,253.025,-1,-1,-1.0,257.18,250.37
0,MSFT,20220623,255.73,,258.93,-1,-1,-1.0,259.37,253.635
0,MSFT,20220624,261.805,,267.93,-1,-1,-1.0,267.96,261.74
0,MSFT,20220627,268.34,,264.925,-1,-1,-1.0,268.34,263.28
0,MSFT,20220628,264.1,,256.475,-1,-1,-1.0,266.925,256.33
0,MSFT,20220629,257.61,,260.26,-1,-1,-1.0,261.96,255.78
0,MSFT,20220630,256.995,,256.925,-1,-1,-1.0,259.56,252.905
0,MSFT,20220701,256.525,,259.57,-1,-1,-1.0,259.74,254.585
0,MSFT,20220705,256.185,,262.94,-1,-1,-1.0,262.96,254.745
0,MSFT,20220706,263.69,,266.24,-1,-1,-1.0,267.985,262.4
0,MSFT,20220707,265.065,,268.38,-1,-1,-1.0,269.07,265.01
0,MSFT,20220708,264.8,,267.625,-1,-1,-1.0,268.085,263.285
0,MSFT,20220711,265.565,,264.565,-1,-1,-1.0,266.53,262.165
0,MSFT,20220712,266.01,,253.675,-1,-1,-1.0,266.015,252.045
0,MSFT,20220713,250.115,,252.67,-1,-1,-1.0,253.555,248.315
0,MSFT,20220714,250.78,,254.06,-1,-1,-1.0,255.13,245.94
0,MSFT,20220715,255.72,,256.705,-1,-1,-1.0,260.37,254.775
0,NVDA,20220616,158.615,,156.025,-1,-1,-1.0,159.41,154.015
0,NVDA,20220617,156.475,,158.775,-1,-1,-1.0,159.945,153.27
0,NVDA,20220621,164.65,,165.66,-1,-1,-1.0,170.075,164.105
0,NVDA,20220622,162.295,,163.57,-1,-1,-1.0,166.62,161.855
0,NVDA,20220623,165.035,,162.245,-1,-1,-1.0,165.815,158.535
0,NVDA,20220624,164.99,,171.375,-1,-1,-1.0,171.395,163.13
0,NVDA,20220627,173.12,,168.715,-1,-1,-1.0,173.29,166.245
0,NVDA,20220628,168.92,,159.825,-1,-1,-1.0,172.01,159.455
0,NVDA,20220629,158.09,,155.425,-1,-1,-1.0,158.125,151.715
0,NVDA,20220630,153.53,,151.625,-1,-1,-1.0,155.665,148.635
0,NVDA,20220701,148.995,,145.205,-1,-1,-1.0,150.635,143.925
0,NVDA,20220705,141.755,,149.665,-1,-1,-1.0,149.71,140.565
0,NVDA,20220706,150.16,,151.305,-1,-1,-1.0,153.18,147.89
0,NVDA,20220707,154.56,,158.615,-1,-1,-1.0,159.445,153.9
0,NVDA,20220708,154.245,,158.355,-1,-1,-1.0,160.365,153.895
0,NVDA,20220711,155.19,,151.53,-1,-1,-1.0,155.25,150.395
0,NVDA,20220712,152.645,,150.825,-1,-1,-1.0,154.285,148.77
0,NVDA,20220713,145.99,,151.6,-1,-1,-1.0,153.745,144.64
0,NVDA,20220714,151.075,,153.715,-1,-1,-1.0,154.71,147.295
0,NVDA,20220715,156.47,,157.625,-1,-1,-1.0,157.785,154.46
0,QQQ,20220616,275.555,,271.63,-1,-1,-1.0,276.05,269.28
0,QQQ,20220617,272.18,,274.695,-1,-1,-1.0,277.185,270.515
0,QQQ,20220621,278.74,,281.18,-1,-1,-1.0,283.445,278.65
0,QQQ,20220622,278.485,,280.67,-1,-1,-1.0,285.175,277.93
0,QQQ,20220623,283.2,,284.905,-1,-1,-1.0,285.725,280.315
0,QQQ,20220624,287.74,,294.98,-1,-1,-1.0,294.995,287.51
0,QQQ,20220627,296.01,,292.495,-1,-1,-1.0,296.58,291.3
0,QQQ,20220628,292.97,,283.47,-1,-1,-1.0,295.655,283.345
0,QQQ,20220629,283.365,,283.885,-1,-1,-1.0,285.335,280.835
0,QQQ,20220630,280.73,,280.275,-1,-1,-1.0,283.89,275.785
0,QQQ,20220701,278.92,,282.125,-1,-1,-1.0,282.525,277.025
0,QQQ,20220705,278.275,,287.035,-1,-1,-1.0,287.07,276.755
0,QQQ,20220706,287.36,,288.76,-1,-1,-1.0,290.95,285.585
0,QQQ,20220707,289.635,,294.95,-1,-1,-1.0,295.695,289.635
0,QQQ,20220708,292.045,,295.38,-1,-1,-1.0,296.745,291.125
0,QQQ,20220711,292.88,,288.985,-1,-1,-1.0,293.135,288.145
0,QQQ,20220712,290.29,,286.205,-1,-1,-1.0,292.275,284.61
0,QQQ,20220713,280.575,,285.635,-1,-1,-1.0,288.065,280.03
0,QQQ,20220714,282.955,,286.705,-1,-1,-1.0,287.565,279.795
0,QQQ,20220715,289.74,,291.895,-1,-1,-1.0,291.97,288.075
0,REM,20220616,24.94,,23.98,-1,-1,-1.0,24.975,23.915
0,REM,20220617,24.045,,24.9,-1,-1,-1.0,24.975,23.905
0,REM,20220621,25.49,,25.735,-1,-1,-1.0,26.035,25.375
0,REM,20220622,25.495,,25.985,-1,-1,-1.0,26.135,25.465
0,REM,20220623,26.105,,26.53,-1,-1,-1.0,26.545,26.015
0,REM,20220624,26.755,,27.395,-1,-1,-1.0,27.565,26.71
0,REM,20220627,27.575,,27.305,-1,-1,-1.0,27.795,27.185
0,REM,20220628,27.52,,27.125,-1,-1,-1.0,27.765,27.045
0,REM,20220629,27.11,,26.705,-1,-1,-1.0,27.11,26.555
0,REM,20220630,26.345,,26.755,-1,-1,-1.0,26.995,26.275
0,REM,20220701,26.685,,27.42,-1,-1,-1.0,27.525,26.66
0,REM,20220705,27.15,,27.66,-1,-1,-1.0,27.665,26.695
0,REM,20220706,27.57,,27.16,-1,-1,-1.0,27.93,26.975
0,REM,20220707,27.425,,27.545,-1,-1,-1.0,27.755,27.31
0,REM,20220708,27.55,,27.555,-1,-1,-1.0,27.675,27.245
0,REM,20220711,27.495,,27.26,-1,-1,-1.0,27.61,27.215
0,REM,20220712,27.205,,27.11,-1,-1,-1.0,27.605,26.925
0,REM,20220713,26.85,,27.4,-1,-1,-1.0,27.455,26.755
0,REM,20220714,27.16,,26.87,-1,-1,-1.0,27.16,26.625
0,REM,20220715,27.175,,27.43,-1,-1,-1.0,27.555,26.615
0,SHV,20220616,110.005,,110.015,-1,-1,-1.0,110.015,109.995
0,SHV,20220617,110.025,,110.02,-1,-1,-1.0,110.025,110.015
0,SHV,20220621,110.015,,110.025,-1,-1,-1.0,110.025,110.015
0,SHV,20220622,110.035,,110.055,-1,-1,-1.0,110.055,110.035
0,SHV,20220623,110.065,,110.065,-1,-1,-1.0,110.085,110.065
0,SHV,20220624,110.055,,110.065,-1,-1,-1.0,110.065,110.055
0,SHV,20220627,110.065,,110.045,-1,-1,-1.0,110.065,110.045
0,SHV,20220628,110.05,,110.055,-1,-1,-1.0,110.055,110.045
0,SHV,20220629,110.065,,110.065,-1,-1,-1.0,110.065,110.065
0,SHV,20220630,110.09,,110.095,-1,-1,-1.0,110.095,110.085
0,SHV,20220701,110.035,,110.025,-1,-1,-1.0,110.045,110.025
0,SHV,20220705,110.035,,110.035,-1,-1,-1.0,110.045,110.035
0,SHV,20220706,110.055,,110.025,-1,-1,-1.0,110.055,110.025
0,SHV,20220707,110.035,,110.035,-1,-1,-1.0,110.035,110.035
0,SHV,20220708,110.015,,110.015,-1,-1,-1.0,110.015,110.015
0,SHV,20220711,110.025,,110.005,-1,-1,-1.0,110.025,110.005
0,SHV,20220712,110.02,,110.005,-1,-1,-1.0,110.02,110.005
0,SHV,20220713,109.98,,109.965,-1,-1,-1.0,109.985,109.965
0,SHV,20220714,109.96,,109.99,-1,-1,-1.0,109.995,109.955
0,SHV,20220715,110.005,,110.015,-1,-1,-1.0,110.015,110.005
0,SHY,20220616,82.175,,82.405,-1,-1,-1.0,82.425,82.165
0,SHY,20220617,82.425,,82.375,-1,-1,-1.0,82.435,82.295
0,SHY,20220621,82.335,,82.345,-1,-1,-1.0,82.355,82.315
0,SHY,20220622,82.525,,82.575,-1,-1,-1.0,82.585,82.505
0,SHY,20220623,82.735,,82.655,-1,-1,-1.0,82.855,82.655
0,SHY,20220624,82.605,,82.635,-1,-1,-1.0,82.725,82.595
0,SHY,20220627,82.545,,82.535,-1,-1,-1.0,82.615,82.485
0,SHY,20220628,82.515,,82.535,-1,-1,-1.0,82.535,82.49
0,SHY,20220629,82.525,,82.635,-1,-1,-1.0,82.635,82.515
0,SHY,20220630,82.755,,82.785,-1,-1,-1.0,82.845,82.745
0,SHY,20220701,82.915,,82.955,-1,-1,-1.0,83.065,82.895
0,SHY,20220705,82.975,,82.935,-1,-1,-1.0,83.005,82.935
0,SHY,20220706,82.965,,82.725,-1,-1,-1.0,82.965,82.715
0,SHY,20220707,82.715,,82.655,-1,-1,-1.0,82.715,82.615
0,SHY,20220708,82.575,,82.555,-1,-1,-1.0,82.585,82.525
0,SHY,20220711,82.635,,82.595,-1,-1,-1.0,82.685,82.585
0,SHY,20220712,82.685,,82.645,-1,-1,-1.0,82.725,82.625
0,SHY,20220713,82.435,,82.535,-1,-1,-1.0,82.635,82.435
0,SHY,20220714,82.385,,82.505,-1,-1,-1.0,82.565,82.335
0,SHY,20220715,82.505,,82.565,-1,-1,-1.0,82.635,82.495
0,SLV,20220616,19.925,,20.23,-1,-1,-1.0,20.265,19.815
0,SLV,20220617,20.1,,19.985,-1,-1,-1.0,20.135,19.905
0,SLV,20220621,20.085,,19.975,-1,-1,-1.0,20.245,19.965
0,SLV,20220622,19.83,,19.755,-1,-1,-1.0,19.925,19.695
0,SLV,20220623,19.75,,19.375,-1,-1,-1.0,19.845,19.295
0,SLV,20220624,19.28,,19.505,-1,-1,-1.0,19.575,19.155
0,SLV,20220627,19.7,,19.485,-1,-1,-1.0,19.7,19.475
0,SLV,20220628,19.515,,19.195,-1,-1,-1.0,19.525,19.185
0,SLV,20220629,19.265,,19.155,-1,-1,-1.0,19.295,19.035
0,SLV,20220630,18.98,,18.655,-1,-1,-1.0,19.075,18.645
0,SLV,20220701,18.085,,18.315,-1,-1,-1.0,18.375,17.995
0,SLV,20220705,18.035,,17.735,-1,-1,-1.0,18.085,17.605
0,SLV,20220706,17.81,,17.695,-1,-1,-1.0,17.845,17.485
0,SLV,20220707,17.82,,17.735,-1,-1,-1.0,17.975,17.695
0,SLV,20220708,17.805,,17.795,-1,-1,-1.0,17.945,17.635
0,SLV,20220711,17.72,,17.585,-1,-1,-1.0,17.835,17.585
0,SLV,20220712,17.51,,17.445,-1,-1,-1.0,17.645,17.415
0,SLV,20220713,17.505,,17.69,-1,-1,-1.0,17.895,17.425
0,SLV,20220714,16.915,,16.985,-1,-1,-1.0,17.055,16.735
0,SLV,20220715,17.155,,17.205,-1,-1,-1.0,17.255,16.985
0,SMH,20220616,210.32,,204.24,-1,-1,-1.0,210.55,201.985
0,SMH,20220617,204.705,,205.505,-1,-1,-1.0,207.16,201.065
0,SMH,20220621,209.64,,211.31,-1,-1,-1.0,214.295,209.64
0,SMH,20220622,207.2,,208.57,-1,-1,-1.0,211.895,207.09
0,SMH,20220623,210.26,,207.6,-1,-1,-1.0,210.26,204.42
0,SMH,20220624,210.43,,216.24,-1,-1,-1.0,216.27,210.085
0,SMH,20220627,217.9,,215.425,-1,-1,-1.0,218.515,213.92
0,SMH,20220628,216.355,,210.085,-1,-1,-1.0,218.83,209.965
0,SMH,20220629,208.375,,206.295,-1,-1,-1.0,208.685,204.04
0,SMH,20220630,203.44,,203.795,-1,-1,-1.0,207.21,200.225
0,SMH,20220701,200.44,,196.005,-1,-1,-1.0,200.805,193.59
0,SMH,20220705,191.4,,197.07,-1,-1,-1.0,197.075,189.92
0,SMH,20220706,197.335,,198.475,-1,-1,-1.0,200.49,195.08
0,SMH,20220707,203.11,,207.555,-1,-1,-1.0,208.4,202.68
0,SMH,20220708,204.57,,208.675,-1,-1,-1.0,209.905,203.975
0,SMH,20220711,205.25,,203.71,-1,-1,-1.0,206.405,202.46
0,SMH,20220712,205.585,,203.61,-1,-1,-1.0,206.86,202.41
0,SMH,20220713,200.13,,205.29,-1,-1,-1.0,206.755,199.38
0,SMH,20220714,204.73,,209.48,-1,-1,-1.0,210.355,201.535
0,SMH,20220715,212.38,,214.76,-1,-1,-1.0,214.87,209.67
0,SPY,20220616,370.495,,366.905,-1,-1,-1.0,370.945,364.075
0,SPY,20220617,365.515,,365.845,-1,-1,-1.0,369.385,362.165
0,SPY,20220621,371.85,,375.065,-1,-1,-1.0,376.525,371.82
0,SPY,20220622,370.63,,374.375,-1,-1,-1.0,378.73,370.17
0,SPY,20220623,376.655,,378.12,-1,-1,-1.0,378.835,372.885
0,SPY,20220624,381.42,,390.065,-1,-1,-1.0,390.085,381.355
0,SPY,20220627,391.07,,388.66,-1,-1,-1.0,391.37,387.44
0,SPY,20220628,390.21,,380.725,-1,-1,-1.0,393.155,380.535
0,SPY,20220629,381.22,,380.37,-1,-1,-1.0,382.265,378.42
0,SPY,20220630,376.245,,377.265,-1,-1,-1.0,380.66,372.565
0,SPY,20220701,376.515,,381.205,-1,-1,-1.0,381.69,373.81
0,SPY,20220705,375.865,,381.955,-1,-1,-1.0,381.975,372.905
0,SPY,20220706,382.105,,383.315,-1,-1,-1.0,385.865,379.6
0,SPY,20220707,385.135,,388.965,-1,-1,-1.0,389.825,385.135
0,SPY,20220708,387.22,,388.68,-1,-1,-1.0,390.635,385.665
0,SPY,20220711,385.835,,384.29,-1,-1,-1.0,386.875,383.505
0,SPY,20220712,383.65,,380.885,-1,-1,-1.0,386.165,378.995
0,SPY,20220713,375.095,,378.865,-1,-1,-1.0,381.915,374.655
0,SPY,20220714,373.635,,377.965,-1,-1,-1.0,378.55,371.045
0,SPY,20220715,382.53,,385.105,-1,-1,-1.0,385.25,380.545
0,STIP,20220616,101.345,,101.76,-1,-1,-1.0,101.845,101.185
0,STIP,20220617,101.765,,101.66,-1,-1,-1.0,101.81,101.415
0,STIP,20220621,101.62,,101.56,-1,-1,-1.0,101.735,101.545
0,STIP,20220622,101.675,,101.71,-1,-1,-1.0,101.755,101.575
0,STIP,20220623,101.97,,101.86,-1,-1,-1.0,102.075,101.765
0,STIP,20220624,101.965,,102.025,-1,-1,-1.0,102.105,101.9
0,STIP,20220627,101.93,,101.705,-1,-1,-1.0,101.985,101.705
0,STIP,20220628,101.71,,101.555,-1,-1,-1.0,101.75,101.515
0,STIP,20220629,101.62,,101.44,-1,-1,-1.0,101.665,101.325
0,STIP,20220630,101.65,,101.415,-1,-1,-1.0,101.765,101.415
0,STIP,20220701,101.6,,101.785,-1,-1,-1.0,101.875,101.475
0,STIP,20220705,101.82,,101.43,-1,-1,-1.0,101.82,101.365
0,STIP,20220706,101.4,,100.885,-1,-1,-1.0,101.415,100.875
0,STIP,20220707,101.085,,100.895,-1,-1,-1.0,101.105,100.845
0,STIP,20220708,100.955,,100.965,-1,-1,-1.0,101.085,100.815
0,STIP,20220711,101.06,,101.005,-1,-1,-1.0,101.135,100.965
0,STIP,20220712,100.88,,100.735,-1,-1,-1.0,101.05,100.715
0,STIP,20220713,100.735,,100.765,-1,-1,-1.0,101.075,100.705
0,STIP,20220714,100.53,,100.735,-1,-1,-1.0,100.795,100.455
0,STIP,20220715,100.825,,101.055,-1,-1,-1.0,101.105,100.77
0,TLT,20220616,108.465,,111.71,-1,-1,-1.0,111.71,108.115
0,TLT,20220617,111.97,,112.21,-1,-1,-1.0,112.825,110.96
0,TLT,20220621,110.085,,110.17,-1,-1,-1.0,111.025,109.815
0,TLT,20220622,112.685,,113.205,-1,-1,-1.0,113.315,112.375
0,TLT,20220623,113.905,,114.195,-1,-1,-1.0,115.165,113.485
0,TLT,20220624,113.43,,112.6,-1,-1,-1.0,114.165,112.505
0,TLT,20220627,111.215,,111.635,-1,-1,-1.0,112.215,111.165
0,TLT,20220628,111.285,,112.135,-1,-1,-1.0,112.175,110.865
0,TLT,20220629,112.37,,113.855,-1,-1,-1.0,113.895,112.175
0,TLT,20220630,114.835,,114.85,-1,-1,-1.0,115.765,114.745
0,TLT,20220701,115.89,,115.875,-1,-1,-1.0,117.575,115.215
0,TLT,20220705,116.905,,116.73,-1,-1,-1.0,117.755,116.165
0,TLT,20220706,117.4,,114.775,-1,-1,-1.0,117.545,114.775
0,TLT,20220707,115.105,,113.8,-1,-1,-1.0,115.175,113.515
0,TLT,20220708,113.495,,112.505,-1,-1,-1.0,113.495,112.055
0,TLT,20220711,113.8,,114.435,-1,-1,-1.0,114.795,113.705
0,TLT,20220712,115.52,,115.03,-1,-1,-1.0,116.225,114.975
0,TLT,20220713,113.745,,116.435,-1,-1,-1.0,116.645,113.44
0,TLT,20220714,115.075,,115.47,-1,-1,-1.0,116.165,114.465
0,TLT,20220715,115.83,,116.135,-1,-1,-1.0,116.83,115.595
0,UUP,20220616,27.885,,27.675,-1,-1,-1.0,27.955,27.595
0,UUP,20220617,27.915,,27.935,-1,-1,-1.0,28.045,27.905
0,UUP,20220621,27.835,,27.865,-1,-1,-1.0,27.895,27.795
0,UUP,20220622,27.835,,27.805,-1,-1,-1.0,27.855,27.705
0,UUP,20220623,27.845,,27.845,-1,-1,-1.0,27.905,27.775
0,UUP,20220624,27.825,,27.775,-1,-1,-1.0,27.845,27.745
0,UUP,20220627,27.745,,27.735,-1,-1,-1.0,27.755,27.665
0,UUP,20220628,27.85,,27.885,-1,-1,-1.0,27.905,27.835
0,UUP,20220629,27.955,,28.045,-1,-1,-1.0,28.055,27.955
0,UUP,20220630,28.07,,27.955,-1,-1,-1.0,28.085,27.935
0,UUP,20220701,28.155,,28.065,-1,-1,-1.0,28.205,28.045
0,UUP,20220705,28.445,,28.445,-1,-1,-1.0,28.515,28.415
0,UUP,20220706,28.555,,28.585,-1,-1,-1.0,28.645,28.525
0,UUP,20220707,28.585,,28.585,-1,-1,-1.0,28.635,28.535
0,UUP,20220708,28.6,,28.565,-1,-1,-1.0,28.665,28.525
0,UUP,20220711,28.865,,28.895,-1,-1,-1.0,28.915,28.805
0,UUP,20220712,28.885,,28.895,-1,-1,-1.0,28.905,28.805
0,UUP,20220713,28.94,,28.835,-1,-1,-1.0,28.965,28.705
0,UUP,20220714,29.135,,29.025,-1,-1,-1.0,29.195,28.955
0,UUP,20220715,28.92,,28.855,-1,-1,-1.0,28.965,28.825
0,VGK,20220616,53.16,,53.23,-1,-1,-1.0,53.675,52.905
0,VGK,20220617,53.475,,53.235,-1,-1,-1.0,53.725,52.885
0,VGK,20220621,53.225,,53.015,-1,-1,-1.0,53.355,52.945
0,VGK,20220622,52.365,,52.66,-1,-1,-1.0,53.215,52.26
0,VGK,20220623,52.29,,52.375,-1,-1,-1.0,52.405,51.785
0,VGK,20220624,53.18,,54.125,-1,-1,-1.0,54.145,53.175
0,VGK,20220627,54.08,,53.995,-1,-1,-1.0,54.375,53.845
0,VGK,20220628,54.235,,53.45,-1,-1,-1.0,54.465,53.445
0,VGK,20220629,53.45,,53.12,-1,-1,-1.0,53.615,53.115
0,VGK,20220630,52.1,,52.84,-1,-1,-1.0,52.885,51.825
0,VGK,20220701,52.06,,52.845,-1,-1,-1.0,52.855,51.805
0,VGK,20220705,50.8,,51.355,-1,-1,-1.0,51.355,50.515
0,VGK,20220706,51.235,,51.445,-1,-1,-1.0,51.565,50.955
0,VGK,20220707,51.83,,52.245,-1,-1,-1.0,52.245,51.82
0,VGK,20220708,52.075,,52.305,-1,-1,-1.0,52.495,51.835
0,VGK,20220711,51.64,,51.46,-1,-1,-1.0,51.855,51.385
0,VGK,20220712,51.31,,51.435,-1,-1,-1.0,51.915,51.305
0,VGK,20220713,50.77,,51.43,-1,-1,-1.0,51.665,50.705
0,VGK,20220714,50.15,,50.565,-1,-1,-1.0,50.625,49.755
0,VGK,20220715,51.04,,51.545,-1,-1,-1.0,51.605,50.795
0,VNQ,20220616,87.145,,87.065,-1,-1,-1.0,88.005,86.665
0,VNQ,20220617,87.005,,87.705,-1,-1,-1.0,88.855,86.89
0,VNQ,20220621,88.795,,88.925,-1,-1,-1.0,89.875,88.46
0,VNQ,20220622,88.045,,90.0,-1,-1,-1.0,91.205,87.975
0,VNQ,20220623,89.855,,91.195,-1,-1,-1.0,91.445,89.73
0,VNQ,20220624,91.83,,93.16,-1,-1,-1.0,93.245,91.545
0,VNQ,20220627,93.09,,92.965,-1,-1,-1.0,93.995,92.425
0,VNQ,20220628,93.595,,91.86,-1,-1,-1.0,94.245,91.725
0,VNQ,20220629,91.44,,91.27,-1,-1,-1.0,91.52,90.26
0,VNQ,20220630,90.58,,91.105,-1,-1,-1.0,92.235,89.955
0,VNQ,20220701,91.0,,92.775,-1,-1,-1.0,93.015,90.82
0,VNQ,20220705,91.8,,92.495,-1,-1,-1.0,92.52,90.325
0,VNQ,20220706,92.71,,92.335,-1,-1,-1.0,93.555,92.015
0,VNQ,20220707,92.77,,92.575,-1,-1,-1.0,93.385,92.325
0,VNQ,20220708,92.22,,92.085,-1,-1,-1.0,92.775,91.63
0,VNQ,20220711,91.93,,91.91,-1,-1,-1.0,92.265,91.155
0,VNQ,20220712,91.515,,91.57,-1,-1,-1.0,92.455,90.87
0,VNQ,20220713,90.405,,91.085,-1,-1,-1.0,91.755,89.91
0,VNQ,20220714,89.59,,90.24,-1,-1,-1.0,90.655,89.505
0,VNQ,20220715,91.555,,91.805,-1,-1,-1.0,92.235,90.895
0,XLF,20220616,31.005,,30.855,-1,-1,-1.0,31.005,30.585
0,XLF,20220617,30.915,,30.935,-1,-1,-1.0,31.275,30.635
0,XLF,20220621,31.515,,31.395,-1,-1,-1.0,31.575,31.195
0,XLF,20220622,31.01,,31.295,-1,-1,-1.0,31.595,30.985
0,XLF,20220623,31.335,,31.175,-1,-1,-1.0,31.395,30.675
0,XLF,20220624,31.295,,32.365,-1,-1,-1.0,32.365,31.275
0,XLF,20220627,32.56,,32.225,-1,-1,-1.0,32.56,32.085
0,XLF,20220628,32.535,,31.925,-1,-1,-1.0,32.865,31.895
0,XLF,20220629,31.975,,31.715,-1,-1,-1.0,32.065,31.625
0,XLF,20220630,31.24,,31.465,-1,-1,-1.0,31.725,30.855
0,XLF,20220701,31.36,,31.905,-1,-1,-1.0,31.975,31.145
0,XLF,20220705,31.365,,31.785,-1,-1,-1.0,31.785,31.025
0,XLF,20220706,31.705,,31.695,-1,-1,-1.0,31.945,31.395
0,XLF,20220707,31.915,,32.155,-1,-1,-1.0,32.245,31.915
0,XLF,20220708,32.225,,32.095,-1,-1,-1.0,32.335,31.945
0,XLF,20220711,31.875,,31.835,-1,-1,-1.0,32.055,31.725
0,XLF,20220712,31.585,,31.635,-1,-1,-1.0,32.205,31.555
0,XLF,20220713,31.265,,31.325,-1,-1,-1.0,31.545,30.955
0,XLF,20220714,30.675,,30.735,-1,-1,-1.0,30.835,30.375
0,XLF,20220715,31.245,,31.795,-1,-1,-1.0,31.955,31.105
